log	CALCULATING_CONTRIBUTIONS	COMPUTE_MINIMAL_TRACE	COUNT	EXECUTE	GENERATE_VADCOP_FINAL_COMPRESSED_PROOF	GENERATE_VADCOP_FINAL_PROOF	GENERATING_INNER_PROOFS	INITIALIZING_PROOFMAN	INIT_PROOFMAN	LOADING_FIXED_POLS	PLAN_MAIN	PLAN_SECONDARY	PROOF_GENERATED	REGENERATING_CONST_TREE	REGENERATING_VADCOP_CONST_POLS	REGENERATING_VADCOP_CONST_TREE	WAIT_ASM_RH	WAIT_PLAN_MEM_CPP
conc_solo_0.log	1.329	1.046	0.150	1.074		0.283	9.743	6.684	0.000	1.159	0.000	0.010	12.463				0.000	0.000
conc_solo_1.log	1.498	1.079	0.130	1.102		0.277	9.597	6.665	0.000	1.178	0.000	0.005	12.506				0.000	0.000
p2_a.log	3.323	1.438	0.314	1.627		0.502	20.966	7.227	0.000	1.282	0.000	0.095	26.452				0.000	0.000
p2_b.log	2.323	1.279	0.138	1.325		0.404	16.920	11.755	0.000	1.492	0.000	0.018	21.009				0.000	0.000
p2_solo.log	2.213	2.150	0.208	2.178		0.307	10.661	7.536	0.000	1.213	0.000	0.008	15.433				0.000	0.000
pair_a.log	1.375	1.051	0.135	1.073		0.284	21.697	16.100	0.000	3.296	0.001	0.005	24.463				0.000	0.000
prove_a125000_0.log	7.615	6.361	0.451	8.832		0.286	44.800	6.785	0.000	1.167	0.000	2.438	61.566				0.000	0.000
prove_a125000_1.log	7.365	6.345	0.486	8.806		0.292	44.829	6.877	0.000	1.147	0.000	2.415	61.325				0.000	0.000
prove_a125000_2.log	6.328	7.158	0.566	9.600		0.297	43.608	7.286	0.000	1.256	0.000	2.401	59.875				0.000	0.000
prove_a16384_0.log	1.579	1.110	0.179	1.439		0.276	11.937	7.701	0.000	1.323	0.000	0.305	15.268				0.000	0.000
prove_a16384_1.log	1.587	1.084	0.192	1.391		0.271	10.452	6.898	0.000	1.124	0.000	0.284	13.729				0.000	0.000
prove_a16384_2.log	1.584	1.079	0.187	1.404		0.279	10.372	6.808	0.000	1.178	0.000	0.303	13.681				0.000	0.000
prove_a308000_0.log	16.784	16.280	1.775	22.757		0.291	100.526	7.390	0.000	1.242	0.000	6.393	140.464				0.000	0.000
prove_a308000_1.log	20.958	14.840	1.292	20.934		0.291	99.931	6.573	0.000	1.137	0.000	5.999	142.149				0.000	0.000
prove_a308000_2.log	19.370	15.372	1.736	22.629		0.284	101.586	6.828	0.000	1.177	0.000	7.161	143.896				0.000	0.000
prove_a4096_0.log	1.217	0.490	0.131	0.601		0.281	7.118	7.522	0.000	1.300	0.000	0.095	9.257				0.000	0.000
prove_a4096_1.log	1.077	0.476	0.121	0.596		0.290	6.864	7.851	0.000	1.358	0.000	0.103	8.857				0.000	0.000
prove_a4096_2.log	1.100	0.554	0.129	0.656		0.291	6.650	7.771	0.000	1.300	0.000	0.085	8.729				0.000	0.000
prove_a512_0.log	1.029	0.286	0.045	0.322		0.275	13.724	7.580	0.000	1.356	0.000	0.015	15.393				0.000	0.000
prove_a512_1.log	1.043	0.288	0.058	0.315		0.298	6.264	7.939	0.000	1.345	0.000	0.010	7.959				0.000	0.000
prove_a512_2.log	1.080	0.285	0.050	0.307		0.277	6.584	6.892	0.000	1.165	0.000	0.008	8.281				0.000	0.000
prove_a65536_0.log	4.045	3.534	0.322	4.915		0.282	26.017	6.798	0.000	1.227	0.000	1.355	35.293				0.000	0.000
prove_a65536_1.log	3.827	3.579	0.316	5.066		0.280	24.573	7.060	0.000	1.225	0.000	1.455	33.776				0.000	0.000
prove_a65536_2.log	4.020	3.512	0.322	4.964		0.281	24.751	6.688	0.000	1.177	0.000	1.429	34.045				0.000	0.000
prove_bench_1000000_1.log	4.858	3.934	0.214	3.966		0.290	32.994	7.396	0.000	1.150	0.000	0.013	42.141				0.000	0.000
prove_bench_1000000_2.log	4.762	3.919	0.213	3.949		0.263	32.871	6.874	0.000	1.108	0.000	0.010	41.871				0.000	0.000
prove_bench_1000000_3.log	4.919	4.015	0.218	4.047		0.285	33.038	6.903	0.000	1.137	0.000	0.013	42.317				0.000	0.000
prove_bench_100000_1.log	1.024	0.602	0.128	0.638		0.279	6.485	6.987	0.000	1.105	0.000	0.006	8.457				0.000	0.000
prove_bench_100000_2.log	1.157	0.610	0.129	0.651		0.286	6.767	6.956	0.000	1.145	0.000	0.010	8.892				0.000	0.000
prove_bench_100000_3.log	1.096	0.639	0.165	0.680		0.331	6.820	7.222	0.000	1.141	0.000	0.010	8.963				0.000	0.000
prove_bench_10000_1.log	0.755	0.135	0.063	0.171		0.299	4.211	11.797	0.000	1.202	0.000	0.005	5.465				0.000	0.000
prove_bench_10000_2.log	0.911	0.152	0.070	0.180		0.292	4.479	6.946	0.000	1.264	0.000	0.008	5.899				0.000	0.000
prove_bench_10000_3.log	0.775	0.147	0.064	0.170		0.287	4.141	7.955	0.000	1.865	0.000	0.006	5.402				0.000	0.000
prove_bench_110000_1.log	0.946	0.629	0.131	0.668		0.253	6.706	7.650	0.000	1.458	0.000	0.006	8.606				0.000	0.000
prove_bench_110000_2.log	1.100	0.669	0.134	0.706		0.270	6.616	7.832	0.000	1.749	0.000	0.008	8.734				0.000	0.000
prove_bench_110000_3.log	0.924	0.682	0.131	0.722		0.289	6.835	8.239	0.000	1.768	0.000	0.008	8.804				0.000	0.000
prove_bench_125000_1.log	1.154	0.738	0.130	0.780		0.291	7.221	7.431	0.000	1.253	0.000	0.008	9.480				0.000	0.000
prove_bench_125000_2.log	1.084	0.693	0.138	0.733		0.273	7.312	7.295	0.000	1.237	0.000	0.010	9.440				0.000	0.000
prove_bench_125000_3.log	1.130	0.697	0.138	0.737		0.288	7.085	8.194	0.000	1.783	0.000	0.007	9.276				0.000	0.000
prove_bench_140000_1.log	1.032	0.762	0.131	0.801		0.412	7.659	8.391	0.000	2.076	0.000	0.007	9.935				0.000	0.000
prove_bench_140000_2.log	1.044	0.840	0.194	0.878		0.312	7.500	8.427	0.000	1.814	0.000	0.018	9.789				0.000	0.000
prove_bench_140000_3.log	0.957	0.899	0.150	0.942		0.294	7.684	7.994	0.000	1.346	0.000	0.007	9.911				0.000	0.000
prove_bench_160000_1.log	1.295	0.762	0.116	0.801		0.283	8.546	7.649	0.000	1.154	0.000	0.008	10.961				0.000	0.000
prove_bench_160000_2.log	1.099	0.926	0.170	0.951		0.263	8.611	6.844	0.000	1.172	0.000	0.008	10.965				0.000	0.000
prove_bench_160000_3.log	1.388	0.856	0.153	0.897		0.285	8.437	7.333	0.000	1.299	0.000	0.010	11.036				0.000	0.000
prove_bench_180000_1.log	1.086	0.918	0.134	0.942		0.284	8.787	7.338	0.000	1.439	0.000	0.007	11.162				0.000	0.000
prove_bench_180000_2.log	1.209	0.894	0.129	0.932		0.293	9.141	7.259	0.000	1.348	0.000	0.007	11.612				0.000	0.000
prove_bench_180000_3.log	1.202	1.139	0.167	1.182		0.293	8.767	7.559	0.000	1.273	0.000	0.012	11.478				0.000	0.000
prove_bench_200000_1.log	1.239	1.202	0.217	1.232		0.283	9.462	7.975	0.000	1.787	0.000	0.011	12.269				0.000	0.000
prove_bench_200000_2.log	1.202	1.214	0.161	1.257		0.293	9.630	8.235	0.000	1.769	0.000	0.012	12.416				0.000	0.000
prove_bench_200000_3.log	1.188	0.950	0.130	0.998		0.294	9.456	8.655	0.000	2.221	0.000	0.018	11.975				0.000	0.000
prove_bench_20000_1.log	0.912	0.250	0.115	0.284		0.292	4.483	7.171	0.000	1.141	0.000	0.006	6.027				0.000	0.000
prove_bench_20000_2.log	0.889	0.258	0.115	0.282		0.270	4.470	7.606	0.000	1.673	0.000	0.006	5.945				0.000	0.000
prove_bench_20000_3.log	1.036	0.264	0.116	0.293		0.290	4.388	7.038	0.000	1.172	0.000	0.008	6.045				0.000	0.000
prove_bench_220000_1.log	1.298	1.138	0.200	1.174		0.306	9.812	9.461	0.000	2.637	0.000	0.006	12.627				0.000	0.000
prove_bench_220000_2.log	1.281	1.067	0.130	1.112		0.286	9.781	7.521	0.000	1.192	0.000	0.011	12.494				0.000	0.000
prove_bench_220000_3.log	1.345	1.124	0.161	1.163		0.262	10.022	7.643	0.000	1.273	0.000	0.010	12.833				0.000	0.000
prove_bench_250000_1.log	1.429	1.825	0.178	1.854		0.286	10.977	7.651	0.000	1.356	0.000	0.008	14.617				0.000	0.000
prove_bench_250000_2.log	1.491	1.479	0.176	1.508		0.289	10.758	8.896	0.000	1.481	0.000	0.006	14.095				0.000	0.000
prove_bench_250000_3.log	1.314	1.479	0.199	1.539		0.273	10.687	8.626	0.000	1.472	0.000	0.012	13.873				0.000	0.000
prove_bench_280000_1.log	1.594	1.633	0.211	1.672		0.298	11.583	8.154	0.000	1.317	0.000	0.010	15.205				0.000	0.000
prove_bench_280000_2.log	1.466	1.741	0.177	1.775		0.286	11.786	8.147	0.000	1.331	0.000	0.005	15.358				0.000	0.000
prove_bench_280000_3.log	1.698	1.678	0.199	1.713		0.300	11.301	8.203	0.000	1.506	0.000	0.007	15.047				0.000	0.000
prove_bench_30000_1.log	0.748	0.324	0.117	0.357		0.347	4.796	7.185	0.000	1.152	0.000	0.009	6.279				0.000	0.000
prove_bench_30000_2.log	0.831	0.330	0.126	0.358		0.284	4.727	8.036	0.000	1.901	0.000	0.009	6.233				0.000	0.000
prove_bench_30000_3.log	0.877	0.330	0.130	0.358		0.278	4.732	7.108	0.000	1.213	0.000	0.008	6.300				0.000	0.000
prove_bench_310000_1.log	1.668	1.301	0.131	1.349		0.272	12.883	8.431	0.000	1.944	0.000	0.018	16.211				0.000	0.000
prove_bench_310000_2.log	1.788	1.458	0.211	1.503		0.285	12.917	7.749	0.000	1.171	0.000	0.012	16.551				0.000	0.000
prove_bench_310000_3.log	2.073	1.642	0.279	1.684		0.321	12.714	7.662	0.000	1.230	0.000	0.019	16.836				0.000	0.000
prove_bench_350000_1.log	1.655	1.583	0.178	1.614		0.319	13.384	7.510	0.000	1.253	0.000	0.009	17.034				0.000	0.000
prove_bench_350000_2.log	1.671	1.879	0.200	1.923		0.358	14.006	8.184	0.000	2.024	0.000	0.011	18.002				0.000	0.000
prove_bench_350000_3.log	2.016	1.926	0.272	1.988		0.304	13.595	7.726	0.000	1.225	0.000	0.039	17.937				0.000	0.000
prove_bench_400000_1.log	1.779	1.819	0.187	1.850		0.331	16.646	7.885	0.000	1.574	0.000	0.011	20.660				0.000	0.000
prove_bench_400000_2.log	2.150	1.773	0.179	1.806		0.331	15.355	7.436	0.000	1.195	0.000	0.012	19.705				0.000	0.000
prove_bench_400000_3.log	1.854	1.756	0.172	1.785		0.291	15.520	6.907	0.000	1.183	0.000	0.011	19.480				0.000	0.000
prove_bench_40000_1.log	0.845	0.397	0.130	0.437		0.288	5.032	7.054	0.000	1.161	0.000	0.010	6.641				0.000	0.000
prove_bench_40000_2.log	1.219	0.561	0.246	0.602		0.281	5.402	7.939	0.000	1.994	0.000	0.020	7.574				0.000	0.000
prove_bench_40000_3.log	1.042	0.286	0.109	0.315		0.289	5.507	7.257	0.000	1.167	0.000	0.010	7.183				0.000	0.000
prove_bench_440000_1.log	1.990	1.950	0.201	1.992		0.297	17.008	8.331	0.000	1.785	0.000	0.011	21.321				0.000	0.000
prove_bench_440000_2.log	2.281	2.460	0.178	2.485		0.292	17.220	7.817	0.000	1.493	0.000	0.007	22.321				0.000	0.000
prove_bench_440000_3.log	2.054	2.490	0.246	2.535		0.283	17.117	7.813	0.000	1.827	0.000	0.023	22.030				0.000	0.000
prove_bench_500000_1.log	2.114	2.372	0.205	2.419		0.350	19.315	8.832	0.000	2.076	0.000	0.024	24.243				0.000	0.000
prove_bench_500000_2.log	2.490	3.396	0.246	3.446		0.283	18.249	8.477	0.000	1.571	0.000	0.032	24.502				0.000	0.000
prove_bench_500000_3.log	2.074	2.631	0.203	2.659		0.298	18.263	8.531	0.000	1.268	0.000	0.013	23.343				0.000	0.000
prove_bench_55000_1.log	0.807	0.371	0.120	0.409		0.293	5.261	7.424	0.000	1.296	0.000	0.008	6.805				0.000	0.000
prove_bench_55000_2.log	1.049	0.624	0.250	0.679		0.333	5.742	7.144	0.000	1.207	0.000	0.022	7.862				0.000	0.000
prove_bench_55000_3.log	0.899	0.496	0.153	0.524		0.294	5.254	7.573	0.000	1.432	0.000	0.009	7.006				0.000	0.000
prove_bench_560000_1.log	2.321	2.979	0.181	3.040		0.311	20.123	8.001	0.000	1.889	0.000	0.019	25.828				0.000	0.000
prove_bench_560000_2.log	2.219	2.395	0.202	2.432		0.286	19.763	7.730	0.000	1.222	0.000	0.006	24.732				0.000	0.000
prove_bench_560000_3.log	2.301	2.389	0.201	2.426		0.289	20.098	8.515	0.000	1.872	0.000	0.009	25.163				0.000	0.000
prove_bench_620000_1.log	2.480	2.514	0.157	2.551		0.283	22.232	8.179	0.000	1.788	0.000	0.008	27.574				0.000	0.000
prove_bench_620000_2.log	2.584	2.888	0.200	2.915		0.287	21.884	7.213	0.000	1.325	0.000	0.010	27.713				0.000	0.000
prove_bench_620000_3.log	2.675	2.678	0.207	2.723		0.275	22.036	7.982	0.000	1.377	0.000	0.013	27.747				0.000	0.000
prove_bench_660000_1.log	2.981	2.776	0.206	2.810		0.324	23.115	7.410	0.000	1.236	0.000	0.014	29.293				0.000	0.000
prove_bench_660000_2.log	3.079	3.225	0.202	3.275		0.295	22.770	7.763	0.000	1.405	0.000	0.015	29.453				0.000	0.000
prove_bench_660000_3.log	2.854	3.038	0.215	3.100		0.331	23.356	7.986	0.000	1.707	0.000	0.029	29.677				0.000	0.000
prove_bench_70000_1.log	0.994	0.511	0.127	0.539		0.277	5.621	7.323	0.000	1.233	0.000	0.006	7.482				0.000	0.000
prove_bench_70000_2.log	0.949	0.382	0.115	0.417		0.291	5.699	7.158	0.000	1.201	0.000	0.006	7.385				0.000	0.000
prove_bench_70000_3.log	0.912	0.453	0.122	0.494		0.271	5.823	7.048	0.000	1.205	0.000	0.010	7.528				0.000	0.000
prove_bench_720000_1.log	3.348	3.479	0.200	3.509		0.279	24.053	7.993	0.000	1.420	0.000	0.010	31.250				0.000	0.000
prove_bench_720000_2.log	3.186	3.638	0.245	3.680		0.293	24.991	8.313	0.000	1.854	0.000	0.017	32.289				0.000	0.000
prove_bench_720000_3.log	3.337	2.947	0.202	2.978		0.290	26.247	7.199	0.000	1.203	0.000	0.011	32.897				0.000	0.000
prove_bench_800000_1.log	3.289	3.720	0.216	3.750		0.288	28.247	7.197	0.000	1.113	0.000	0.012	35.606				0.000	0.000
prove_bench_800000_2.log	3.449	3.642	0.235	3.669		0.291	27.362	7.213	0.000	1.258	0.000	0.010	34.806				0.000	0.000
prove_bench_800000_3.log	3.369	3.526	0.251	3.561		0.256	27.578	8.603	0.000	1.604	0.000	0.010	34.829				0.000	0.000
prove_bench_85000_1.log	0.963	0.439	0.115	0.474		0.287	6.454	7.468	0.000	1.603	0.000	0.005	8.207				0.000	0.000
prove_bench_85000_2.log	0.960	0.564	0.130	0.589		0.289	6.289	7.105	0.000	1.309	0.000	0.007	8.168				0.000	0.000
prove_bench_85000_3.log	0.969	0.537	0.129	0.575		0.284	6.185	7.161	0.000	1.169	0.000	0.006	8.044				0.000	0.000
prove_bench_900000_1.log	3.897	4.108	0.237	4.135		0.289	30.929	7.465	0.000	1.247	0.000	0.009	39.297				0.000	0.000
prove_bench_900000_2.log	3.823	3.700	0.229	3.728		0.282	31.681	7.381	0.000	1.162	0.000	0.012	39.543				0.000	0.000
prove_bench_900000_3.log	4.225	3.638	0.219	3.669		0.283	30.450	6.864	0.000	1.143	0.000	0.011	38.660				0.000	0.000
prove_group-proof_0.log	1.228	0.250	0.048	0.280		0.263	6.243	7.923	0.000	1.261	0.000	0.008	8.048				0.000	0.000
prove_group-proof_1.log	1.141	0.243	0.048	0.269		0.281	6.230	7.527	0.000	1.278	0.000	0.007	7.984				0.000	0.000
prove_group-proof_2.log	1.018	0.261	0.055	0.285		0.286	6.362	7.431	0.000	1.246	0.000	0.007	7.980				0.000	0.000
prove_group-proof_3.log	1.151	0.236	0.053	0.266		0.276	6.300	8.328	0.000	1.515	0.000	0.007	8.029				0.000	0.000
prove_knob_default.log	1.296	1.087	0.150	1.106		0.281	9.737	8.025	0.000	1.551	0.000	0.005	12.455				0.000	0.000
prove_knob_minmem.log	1.224	1.142	0.142	1.170		0.291	9.835	7.435	0.000	1.195	0.000	0.006	12.549				0.000	0.000
prove_knob_minmem_x.log								7.183	0.000	1.158								
prove_mem_1000000.log	5.000	3.930	0.217	3.963		0.281	33.314	7.099	0.000	1.168	0.000	0.013	42.587				0.000	0.000
prove_mem_220000.log	1.527	1.062	0.129	1.087		0.291	16.321	9.464	0.000	1.488	0.000	0.008	19.288				0.000	0.000
prove_slot-proof_0.log	1.174	0.186	0.026	0.210		0.279	6.418	7.069	0.000	1.249	0.000	0.008	8.116				0.000	0.000
prove_slot-proof_1.log	1.048	0.280	0.046	0.302		0.280	6.463	6.972	0.000	1.141	0.000	0.006	8.123				0.000	0.000
prove_slot-proof_2.log	1.063	0.302	0.048	0.327		0.277	6.462	6.535	0.000	1.072	0.000	0.009	8.162				0.000	0.000
prove_slot-proof_3.log	1.117	0.199	0.045	0.239		0.277	6.687	6.814	0.000	1.170	0.000	0.007	8.363				0.000	0.000
prove_stub_aggregation_0.log	0.989	0.015	0.006	0.044		0.275	7.929	7.504	0.000	1.211	0.000	0.007	9.283				0.000	0.000
prove_stub_aggregation_1.log	1.034	0.016	0.006	0.041		0.279	5.885	6.906	0.000	1.163	0.000	0.007	7.272				0.000	0.000
prove_stub_aggregation_2.log	1.068	0.018	0.014	0.067		0.284	5.678	7.349	0.000	1.438	0.000	0.006	7.140				0.000	0.000
prove_stub_aggregation_3.log	1.104	0.014	0.005	0.038		0.276	5.670	6.680	0.000	1.188	0.000	0.007	7.117				0.000	0.000
prove_stub_stream-final_0.log	1.056	0.257	0.048	0.316		0.283	8.956	10.011	0.000	4.007	0.000	0.010	10.653				0.000	0.000
prove_stub_stream-final_1.log	1.076	0.289	0.049	0.313		0.280	6.270	7.100	0.000	1.451	0.000	0.009	7.967				0.000	0.000
prove_stub_stream-final_2.log	1.146	0.282	0.048	0.306		0.305	6.544	6.845	0.000	1.220	0.000	0.007	8.358				0.000	0.000
prove_stub_stream-final_3.log	1.101	0.215	0.046	0.239		0.286	6.648	7.122	0.000	1.307	0.000	0.008	8.306				0.000	0.000
prove_triv_m0n0_1.log	0.738	0.007	0.001	0.031		0.275	3.772	7.064	0.000	1.168	0.000	0.005	4.845				0.000	0.000
prove_triv_m0n0_2.log	0.755	0.006	0.001	0.030		0.279	3.724	6.912	0.000	1.160	0.000	0.006	4.815				0.000	0.000
prove_triv_m0n0_3.log	0.765	0.007	0.001	0.028		0.277	3.771	6.896	0.000	1.142	0.000	0.005	4.869				0.000	0.000
prove_triv_m0n100000_1.log	0.775	0.062	0.020	0.090		0.285	3.611	7.178	0.000	1.161	0.000	0.009	4.788				0.000	0.000
prove_triv_m0n100000_2.log	0.812	0.059	0.020	0.084		0.277	3.753	6.981	0.000	1.174	0.000	0.008	4.955				0.000	0.000
prove_triv_m0n100000_3.log	0.768	0.052	0.010	0.078		0.277	3.809	7.027	0.000	1.189	0.000	0.008	4.964				0.000	0.000
prove_triv_m0n1000_1.log	0.739	0.008	0.001	0.032		0.278	3.692	7.047	0.000	1.215	0.000	0.007	4.773				0.000	0.000
prove_triv_m0n1000_2.log	0.749	0.006	0.001	0.028		0.284	3.521	6.690	0.000	1.191	0.000	0.004	4.618				0.000	0.000
prove_triv_m0n1000_3.log	0.720	0.008	0.001	0.031		0.278	3.758	7.101	0.000	1.177	0.000	0.006	4.814				0.000	0.000
prove_triv_m0n1_1.log	0.825	0.009	0.003	0.035		0.279	3.715	6.806	0.000	1.161	0.000	0.008	4.887				0.000	0.000
prove_triv_m0n1_2.log	0.717	0.006	0.001	0.030		0.280	3.817	6.678	0.000	1.180	0.000	0.005	4.871				0.000	0.000
prove_triv_m0n1_3.log	0.835	0.007	0.001	0.031		0.275	3.718	6.747	0.000	1.197	0.000	0.005	4.893				0.000	0.000
prove_triv_m1n100_1.log	0.751	0.008	0.002	0.031		0.282	4.159	7.556	0.000	1.222	0.000	0.004	5.276				0.000	0.000
prove_triv_m1n100_2.log	0.771	0.008	0.002	0.031		0.271	3.811	7.566	0.000	1.179	0.000	0.005	4.915				0.000	0.000
prove_triv_m1n100_3.log	0.730	0.009	0.002	0.035		0.291	3.880	7.915	0.000	1.312	0.000	0.006	4.970				0.000	0.000
prove_triv_m1n1_1.log	0.757	0.007	0.001	0.030		0.283	3.926	6.885	0.000	1.149	0.000	0.006	5.037				0.000	0.000
prove_triv_m1n1_2.log	0.712	0.007	0.002	0.033		0.286	3.912	7.160	0.000	1.300	0.000	0.006	4.977				0.000	0.000
prove_triv_m1n1_3.log	0.765	0.007	0.001	0.029		0.281	4.136	7.811	0.000	1.200	0.000	0.005	5.240				0.000	0.000
prove_vram_0.log	1.359	1.053	0.131	1.076		0.289	9.551	6.899	0.000	1.205	0.000	0.007	12.304				0.000	0.000
prove_vram_16.log	1.665	1.077	0.177	1.107		0.312	16.668	6.847	0.000	1.186	0.000	0.010	19.780				0.000	0.000
prove_vram_4.log	1.365	1.007	0.141	1.034		0.287	10.116	6.679	0.000	1.177	0.000	0.008	12.830				0.000	0.000
prove_vram_8.log	1.534	1.066	0.177	1.095		0.279	11.562	6.635	0.000	1.197	0.000	0.010	14.499				0.000	0.000
prove_warmup.log	1.324	2.193	0.922	2.235		0.934	13.299	71.688	0.000	6.056	0.001	0.007	17.841		7.485	36.754	0.000	0.000
setup_bench.log								362.616	0.000	0.000				167.462		191.183		
setup_group-proof.log								2.912	0.000	0.000								
setup_group.log								3.371	0.000	0.000								
setup_slot-proof.log								2.960	0.000	0.000								
setup_stub_aggregation.log								3.057	0.000	0.000								
setup_stub_stream-final.log								2.982	0.000	0.000								
wrap_group-proof_0.log					0.452			7.991	0.000	1.509								
wrap_group-proof_1.log					0.157			7.680	0.000	1.200								
wrap_group-proof_2.log					0.151			7.152	0.000	1.183								
wrap_slot-proof_0.log					0.152			7.016	0.000	1.133								
wrap_slot-proof_1.log					0.170			8.082	0.000	1.482								
wrap_slot-proof_2.log					0.153			7.690	0.000	1.208								
wrap_stub_0.log					0.146			6.703	0.000	1.167								
wrap_stub_1.log					0.149			6.454	0.000	1.185								
wrap_stub_2.log					0.145			6.448	0.000	1.179								
